start,image,end,size,far,insns,ncalls,ncallers,ints,sets_ds,strings
0000:0000,00000,0000:021e,542,0,169,17,1,,0,"DATAC.DAT | DATAB.DAT | DATAA.DAT"
0000:021e,0021e,0000:0275,87,1,26,8,3,,0,""
0000:0276,00276,0000:02fe,136,1,45,9,5,,0,"  Insufficient memory for GUNBOAT.  |   Important file open failed in GUNBOAT.  |   Roster update failed. Is your disk f"
0000:02fe,002fe,0000:05fc,766,1,258,22,1,,0,"GUNBOAT.CFG |  GUNBOAT supports the following graphics modes:  | Select a mode and press ENTER: |  Do you want to use a "
0000:05fc,005fc,0000:0620,36,1,15,2,1,,0,""
0000:0620,00620,0000:0647,39,1,17,2,1,,0,""
0000:0648,00648,0000:06b3,107,1,40,6,6,,0,""
0000:06b4,006b4,0000:072b,119,1,43,6,5,,0,""
0000:072c,0072c,0000:0756,42,1,17,0,2,,0,""
0000:0756,00756,0000:0780,42,1,17,0,1,,0,""
0000:0780,00780,0000:07a8,40,1,14,1,11,,0,""
0000:07a8,007a8,0000:0a4e,678,1,217,6,13,,0,""
0000:0a4e,00a4e,0000:0c7a,556,1,211,3,1,,0,""
0000:0c7a,00c7a,0000:0d70,246,1,62,2,2,,0,""
0000:0d70,00d70,0000:0d71,1,1,1,0,1,,0,""
0000:0d72,00d72,0000:0d73,1,1,1,0,1,,0,""
0000:0d74,00d74,0000:0e62,238,1,91,5,2,,0,"dataX.dat | Insert Disk %c into Drive A"
0000:0e62,00e62,0000:0eab,73,1,30,1,1,,0,""
0000:0eac,00eac,0000:0ef1,69,1,28,1,1,,0,""
0000:0ef2,00ef2,00f2:0000,46,0,19,2,1,,0,""
00f2:000e,00f2e,00f2:0d3e,3376,1,1190,32,1,,0,"DAT6.DAT | TITLCOLR.BIN | COPY.LZ | ACCO.LZ | TITLE1A.LZ | TITLE1B.LZ | TITLE1C.LZ | TITLE1D.LZ | FOOTIT1E.LZ | FOOTIT1F"
00f2:0d3e,01c5e,00f2:0dbc,126,1,49,6,1,,0,""
00f2:0dbc,01cdc,00f2:0e0f,83,1,34,2,17,,0,""
00f2:0e10,01d30,00f2:0e43,51,1,22,1,3,,0,""
00f2:0e44,01d64,00f2:0e79,53,1,22,1,9,,0,""
00f2:0e7a,01d9a,00f2:0ecd,83,1,31,3,5,,0,""
00f2:0ece,01dee,00f2:0eeb,29,1,12,2,1,,0,""
00f2:0eec,01e0c,00f2:0ef9,13,1,4,1,7,,0,""
00f2:0efa,01e1a,00f2:0f07,13,1,4,1,7,,0,""
00f2:0f08,01e28,00f2:0f15,13,1,4,1,3,,0,""
00f2:0f16,01e36,00f2:0f23,13,1,4,1,4,,0,""
00f2:0f24,01e44,00f2:0f46,34,1,14,1,12,,0,""
00f2:0f46,01e66,00f2:0fea,164,1,63,1,14,,0,""
00f2:0fea,01f0a,00f2:103e,84,1,35,2,4,,0,""
00f2:103e,01f5e,00f2:1044,6,1,2,0,2,,0,""
00f2:1044,01f64,00f2:119c,344,1,115,9,1,,0,"VALK12.MUS | VALK3V.MUS"
00f2:119c,020bc,00f2:11ad,17,0,4,2,4,,0,""
020d:0008,020d8,020d:064a,1602,1,565,29,1,,0,"QUIZCOLR.BIN | HQ1.LZ | HQ2.LZ | HQ3.LZ | HQARM.LZ | DATAB.DAT"
020d:064a,0271a,020d:0823,473,1,162,8,1,,0,"PENCIL.MPP"
020d:0824,028f4,020d:09a0,380,1,144,8,2,,0,""
020d:09a0,02a70,020d:09cb,43,1,19,2,1,,0,""
020d:09cc,02a9c,020d:0a55,137,1,50,4,5,,0,""
020d:0a56,02b26,020d:0b28,210,1,82,8,3,,0,""
020d:0b28,02bf8,020d:0bdb,179,1,65,3,1,,0,"GBROSTER.DAT"
020d:0bdc,02cac,020d:0c4f,115,0,39,3,1,,0,"GBROSTER.DAT"
02d2:0008,02d28,02d2:076c,1892,1,657,38,1,,0,"DAT5.DAT | GENCOLR.BIN | GENB.LZ | GENC.LZ | FOLDER.LZ | SPEC1.LZ | SPEC2.LZ | SPEC3.LZ | ADHEAD.LZ | SPEC4.LZ | SPEC5.L"
02d2:076c,0348c,02d2:07d1,101,1,43,1,4,,0,""
02d2:07d2,034f2,02d2:0994,450,1,187,4,8,,0,"DATAB.DAT"
02d2:0994,036b4,02d2:09da,70,1,29,2,6,,0,""
02d2:09da,036fa,02d2:0bac,466,1,175,11,7,,0,"4x7x"
02d2:0bac,038cc,02d2:0bd7,43,1,17,2,8,,0,""
02d2:0bd8,038f8,02d2:106c,1172,1,419,18,1,,0,"TJL              "
02d2:106c,03d8c,02d2:123e,466,1,176,9,1,,0,""
02d2:123e,03f5e,02d2:1305,199,1,75,4,1,,0,""
02d2:1306,04026,02d2:13cc,198,1,54,4,1,,0,""
02d2:13cc,040ec,02d2:1598,460,1,182,9,1,,0,"DATAB.DAT"
02d2:1598,042b8,02d2:1625,141,1,53,2,3,,0,""
02d2:1626,04346,02d2:1711,235,1,88,4,0,,0,""
02d2:1712,04432,02d2:1826,276,1,71,4,1,,0,""
02d2:1826,04546,02d2:1b6e,840,1,286,9,1,,0,""
02d2:1b6e,0488e,02d2:1d04,406,1,129,12,1,,0,""
02d2:1d04,04a24,02d2:1ec1,445,1,173,10,1,,0,""
02d2:1ec2,04be2,02d2:2099,471,1,148,8,1,,0,""
02d2:209a,04dba,02d2:22aa,528,1,195,11,1,,0,"DATAC.DAT"
02d2:22aa,04fca,02d2:24ac,514,1,184,8,1,,0,""
02d2:24ac,051cc,02d2:273d,657,1,244,12,1,,0,""
02d2:273e,0545e,02d2:2a6b,813,1,316,9,1,,0,""
02d2:2a6c,0578c,02d2:2b4a,222,1,86,8,1,,0,""
02d2:2b4a,0586a,02d2:2b71,39,1,17,2,4,,0,""
02d2:2b72,05892,02d2:2bad,59,1,23,2,2,,0,""
02d2:2bae,058ce,02d2:2be9,59,1,22,0,2,,0,""
02d2:2bea,0590a,02d2:2c51,103,1,49,0,2,,0,""
02d2:2c52,05972,02d2:2c9d,75,1,30,3,6,,0,""
02d2:2c9e,059be,02d2:2df4,342,1,126,12,1,,0,"GENA.LZ"
02d2:2df4,05b14,05bd:0000,188,0,71,7,3,,0,""
05bd:000a,05bda,05bd:048c,1154,1,386,26,1,,0,""
05bd:048c,0605c,05bd:07d9,845,1,277,12,1,,0,""
05bd:07da,063aa,05bd:08be,228,1,90,8,1,,0,""
05bd:08be,0648e,05bd:0e9e,1504,1,551,16,1,,0,"DATAB.DAT"
05bd:0e9e,06a6e,05bd:10f3,597,1,221,14,1,,0,""
05bd:10f4,06cc4,05bd:1449,853,1,312,14,1,,0,""
05bd:144a,0701a,05bd:14d5,139,1,46,9,5,,0,""
05bd:14d6,070a6,05bd:19cc,1270,1,387,16,1,,0,"DAT10.DAT | DAT11.DAT | DAT1A.DAT | DAT1B.DAT | DAT2A.DAT | DAT2B.DAT | TILE.BIN | BD1.LZ | BD2.LZ | BD3.LZ | BD4.LZ | B"
05bd:19cc,0759c,05bd:1ba4,472,1,172,11,1,,0,""
05bd:1ba4,07774,05bd:1dba,534,1,198,14,1,,0,""
05bd:1dba,0798a,05bd:1ecf,277,1,102,12,1,,0,""
05bd:1ed0,07aa0,05bd:1fd3,259,1,100,3,3,,0,""
05bd:1fd4,07ba4,05bd:2cde,3338,1,1262,14,2,,0,"DATAB.DAT |  GUNBOAT supports the following graphics modes: "
05bd:2cde,088ae,05bd:2efc,542,1,211,4,1,,0,""
05bd:2efc,08acc,05bd:2f69,109,1,39,3,1,,0,""
05bd:2f6a,08b3a,05bd:30ad,323,1,121,1,3,,0,""
05bd:30ae,08c7e,05bd:3114,102,1,45,1,4,,0,""
05bd:3114,08ce4,08e1:0000,300,0,99,2,2,,0,""
08e1:006e,08e7e,08e1:00df,113,1,44,0,1,,0,""
08e1:016f,08f7f,08e1:018e,31,1,16,0,1,,0,""
08e1:018e,08f9e,08e1:01aa,28,1,18,0,1,21,1,""
08e1:01aa,08fba,08e1:01bd,19,1,14,0,1,21,1,""
08e1:01bd,08fcd,08e1:01db,30,0,5,0,17,,0,""
08e1:01db,08feb,08e1:02b1,214,1,81,6,0,,1,""
08e1:02b1,090c1,08e1:02cd,28,0,16,0,1,,1,""
08e1:02cd,090dd,08e1:033b,110,0,47,0,1,,1,""
08e1:033b,0914b,08e1:034e,19,0,4,0,1,,0,""
08e1:034e,0915e,08e1:035a,12,0,6,0,1,,0,""
08e1:035a,0916a,08e1:0361,7,0,4,0,2,,0,""
08e1:0361,09171,0919:0000,31,0,11,1,1,,0,""
0919:0000,09190,0919:000e,14,1,8,1,4,,0,""
0919:000e,0919e,0919:0027,25,0,11,1,1,,0,""
0919:0027,091b7,0919:016a,323,0,136,1,8,,0,""
0919:016a,092fa,0919:0178,14,1,8,1,1,,0,""
0919:0178,09308,0919:0270,248,0,109,1,6,,0,""
0919:038e,0951e,0919:03c7,57,1,25,1,1,,0,""
0919:03c7,09557,0919:03cb,4,0,2,1,0,,0,""
0919:03cb,0955b,0919:043c,113,0,57,2,4,,0,""
0919:043c,095cc,0919:0465,41,0,14,1,0,,0,""
0919:0465,095f5,0919:0503,158,0,60,1,0,,0,""
0919:0503,09693,0919:0520,29,0,13,1,0,,0,""
0919:0520,096b0,0919:056b,75,0,29,3,0,,0,""
0919:056b,096fb,0919:0591,38,0,16,1,0,,0,""
0919:05ae,0973e,0919:0608,90,0,37,2,0,,0,""
0919:0608,09798,0919:0649,65,0,27,2,3,,0,""
0919:0649,097d9,0919:0658,15,0,6,2,0,,0,""
0919:0658,097e8,0919:0667,15,0,6,2,0,,0,""
0919:0667,097f7,0919:06a9,66,0,22,4,0,,0,""
0919:06a9,09839,0919:06ee,69,0,25,2,0,,0,""
0919:06ee,0987e,0919:0713,37,0,14,2,0,,0,""
0919:0713,098a3,0919:074a,55,0,21,0,5,,0,""
0919:074a,098da,0919:0756,12,0,3,0,0,,0,""
0919:0756,098e6,0919:0762,12,0,3,0,0,,0,""
0919:0762,098f2,0919:0769,7,0,3,1,0,,0,""
0919:0769,098f9,0919:0770,7,0,3,1,0,,0,""
0919:0770,09900,0919:0777,7,0,3,1,0,,0,""
0919:0777,09907,0919:07b3,60,0,22,2,3,,0,""
0919:07b3,09943,0919:07c0,13,0,6,1,4,,0,""
0919:07c0,09950,0919:07f6,54,0,19,2,0,,0,""
0919:07f6,09986,0919:0833,61,0,21,2,0,,0,""
0919:0833,099c3,0919:0871,62,0,21,2,0,,0,""
0919:0871,09a01,0919:087d,12,0,3,0,0,,0,""
0919:087d,09a0d,0919:08be,65,0,27,2,0,,0,""
0919:08be,09a4e,0919:0906,72,0,25,2,0,,0,""
0919:0906,09a96,0919:090d,7,0,3,0,1,,0,""
0919:090d,09a9d,0919:0930,35,0,12,1,0,,0,""
0919:0930,09ac0,0919:0953,35,0,13,1,0,,0,""
0919:0953,09ae3,0919:0a22,207,0,86,8,2,,0,""
0919:0a22,09bb2,0919:0a5b,57,0,24,2,2,,0,""
0919:0a5b,09beb,0919:0a83,40,0,14,1,1,,0,""
0919:0a83,09c13,0919:0aab,40,0,14,1,1,,0,""
0919:0aab,09c3b,0919:0ae4,57,0,24,2,2,,0,""
0919:0ae4,09c74,0919:0b0c,40,0,14,1,1,,0,""
0919:0b0c,09c9c,0919:0b34,40,0,14,1,1,,0,""
0919:0b34,09cc4,0919:0b6d,57,0,24,2,2,,0,""
0919:0b6d,09cfd,0919:0b95,40,0,14,1,1,,0,""
0919:0b95,09d25,0919:0bbd,40,0,14,1,1,,0,""
0919:0bbd,09d4d,0919:0c6a,173,0,72,3,2,,0,""
0919:0c6a,09dfa,0919:0cf4,138,0,45,0,1,,0,""
0919:0cf4,09e84,0919:0d45,81,0,25,2,2,,0,""
0919:0d45,09ed5,0919:0dbd,120,0,36,2,2,,0,""
0919:0dbd,09f4d,0919:0e19,92,0,28,2,2,,0,""
0919:0e19,09fa9,0919:0e48,47,0,16,0,1,,0,""
0919:0e48,09fd8,0919:0e95,77,0,24,1,2,,0,""
0919:0e95,0a025,0919:0ee2,77,0,24,1,2,,0,""
0919:0ee2,0a072,0919:0f0b,41,0,19,3,3,,0,""
0919:0f0b,0a09b,0919:0f42,55,0,27,0,4,,0,""
0919:0f42,0a0d2,0919:0f77,53,0,26,0,4,,0,""
0919:0f77,0a107,0919:0feb,116,1,47,1,2,,0,""
0919:1528,0a6b8,0919:1558,48,0,20,2,1,,0,""
0919:1558,0a6e8,0919:1565,13,0,5,1,2,,0,""
0919:1565,0a6f5,0919:1589,36,0,14,2,3,,0,""
0919:1589,0a719,0919:1594,11,1,6,1,6,,0,""
0919:1594,0a724,0919:16e3,335,0,127,4,25,,0,""
0919:16e3,0a873,0919:1738,85,0,40,3,1,,0,""
0919:174e,0a8de,0919:1769,27,0,12,1,1,,0,""
0919:1769,0a8f9,0919:176e,5,0,1,0,1,,0,""
0919:176e,0a8fe,0919:1799,43,0,20,1,1,,0,""
0919:1799,0a929,0919:17d4,59,0,24,1,2,,0,""
0919:17d4,0a964,0919:18af,219,0,86,6,1,,0,""
0919:18af,0aa3f,0919:18c7,24,0,9,3,1,,0,""
0919:18c7,0aa57,0919:190d,70,0,23,1,1,,0,""
0919:190d,0aa9d,0919:1953,70,0,23,1,1,,0,""
0919:1953,0aae3,0919:19a0,77,0,26,1,1,,0,""
0919:19a0,0ab30,0919:1aa3,259,0,112,5,3,,0,""
0919:1aa3,0ac33,0919:1ac0,29,0,13,3,1,,0,""
0919:1ac0,0ac50,0919:1b2d,109,0,35,2,1,,0,""
0919:1b2d,0acbd,0919:1c00,211,0,77,4,1,,0,""
0919:1c00,0ad90,0919:1cf9,249,0,84,2,1,,0,""
0919:1cf9,0ae89,0919:1d30,55,0,19,1,1,,0,""
0919:1d30,0aec0,0919:1dd6,166,0,55,3,1,,0,""
0919:1dd6,0af66,0919:1e87,177,0,56,0,2,,0,""
0919:1e87,0b017,0919:1fc3,316,0,113,3,1,,0,""
0919:1fc3,0b153,0919:2038,117,0,43,0,2,,0,""
0919:2038,0b1c8,0919:213b,259,0,87,3,1,,0,""
0919:2273,0b403,0919:2324,177,0,71,6,1,,0,""
0919:2324,0b4b4,0919:2529,517,0,189,2,1,,0,""
0919:2529,0b6b9,0919:26b2,393,0,151,2,1,,0,""
0919:2704,0b894,0919:2786,130,0,50,3,2,,0,""
0919:2786,0b916,0919:2810,138,0,56,4,1,,0,""
0919:2810,0b9a0,0919:2932,290,0,98,2,1,,0,""
0919:2932,0bac2,0919:29f9,199,0,80,2,1,,0,""
0919:29f9,0bb89,0919:2a37,62,0,23,0,1,,0,""
0919:2a37,0bbc7,0919:2a69,50,0,19,1,2,,0,""
0919:2a69,0bbf9,0919:2bbd,340,0,134,7,1,,0,""
0919:2bbd,0bd4d,0919:2c35,120,0,39,1,1,,0,""
0919:2c35,0bdc5,0919:2cad,120,0,57,1,1,10,0,""
0919:2cad,0be3d,0919:2ce3,54,0,23,2,1,,0,""
0919:2ce3,0be73,0919:2d0f,44,0,14,1,1,,0,""
0919:2d0f,0be9f,0919:2e47,312,0,88,5,3,,0,""
0919:2e57,0bfe7,0919:2e88,49,0,19,1,1,,0,""
0919:2ea8,0c038,0919:31f1,841,0,316,5,1,,0,""
0919:31f1,0c381,0919:3217,38,0,15,1,1,,0,""
0919:3217,0c3a7,0919:32fb,228,0,87,2,1,,0,""
0919:32fb,0c48b,0919:3479,382,0,140,6,1,,0,""
0919:3479,0c609,0919:348e,21,0,10,0,1,,0,""
0919:348e,0c61e,0919:3502,116,0,54,0,3,,0,""
0919:3706,0c896,0919:3712,12,0,4,0,2,,0,""
0919:3712,0c8a2,0919:378f,125,0,53,0,3,,0,""
0919:37af,0c93f,0919:37c7,24,0,11,0,1,,0,""
0919:37c7,0c957,0919:38cc,261,0,111,0,1,,0,""
0919:38cc,0ca5c,0919:38ed,33,0,14,1,1,,0,""
0919:38ed,0ca7d,0919:3948,91,0,29,2,1,,0,"DATAC.DAT"
0919:3948,0cad8,0919:3977,47,0,17,1,1,,0,""
0919:3977,0cb07,0919:3b3b,452,0,175,7,1,,0,""
0919:3b3b,0cccb,0919:3b51,22,0,10,0,1,,0,""
0919:3b51,0cce1,0919:3b9f,78,0,32,3,2,,0,""
0919:3b9f,0cd2f,0919:3bbc,29,0,15,1,1,,0,""
0919:3bbc,0cd4c,0919:3c51,149,0,62,0,1,,0,""
0919:3c51,0cde1,0919:3cc9,120,0,49,0,1,,0,""
0919:3cc9,0ce59,0919:3d78,175,0,66,1,1,,0,""
0919:3d78,0cf08,0919:3f8d,533,1,176,4,1,,0,""
0919:3f8d,0d11d,0919:3fba,45,0,23,0,1,,0,""
0919:3fba,0d14a,0919:4056,156,0,47,0,1,,0,""
0919:4056,0d1e6,0919:411f,201,0,74,0,1,,1,""
0919:411f,0d2af,0919:41a3,132,0,53,0,1,,0,""
0919:41a3,0d333,0919:41e5,66,0,25,0,1,,0,""
0919:41e5,0d375,0919:427c,151,0,60,0,1,,0,""
0919:427c,0d40c,0919:4366,234,0,82,0,1,,0,""
0919:4366,0d4f6,0919:43bc,86,0,32,1,1,,0,""
0919:43bc,0d54c,0919:4412,86,0,32,1,1,,0,""
0919:4412,0d5a2,0919:4468,86,0,32,1,1,,0,""
0919:4468,0d5f8,0919:449a,50,0,18,0,4,,0,""
0919:449a,0d62a,0919:44f0,86,0,32,1,1,,0,""
0919:44f0,0d680,0919:4587,151,0,64,0,1,,0,""
0919:4587,0d717,0919:4639,178,0,69,0,1,,0,""
0919:4639,0d7c9,0919:46e8,175,0,75,0,1,,0,""
0919:46e8,0d878,0919:47cf,231,0,99,0,0,,0,""
0919:47cf,0d95f,0919:48da,267,0,115,0,0,,0,""
0919:48da,0da6a,0919:4989,175,0,70,0,1,,1,""
0919:4989,0db19,0919:49a4,27,0,15,0,5,,0,""
0919:49a4,0db34,0919:4a06,98,0,43,1,1,,0,""
0919:4a06,0db96,0919:4a37,49,0,20,1,1,,0,""
0919:4a37,0dbc7,0919:4aac,117,0,50,1,1,,0,""
0919:4aac,0dc3c,0919:4b3f,147,0,57,1,1,,0,""
0919:4b3f,0dccf,0919:4b6d,46,0,20,1,1,,0,""
0919:4b6d,0dcfd,0919:4b9b,46,0,20,1,1,,0,""
0919:4b9b,0dd2b,0919:4bc9,46,0,20,1,1,,0,""
0919:4bc9,0dd59,0919:4bf7,46,0,20,1,1,,0,""
0919:4bf7,0dd87,0919:4c18,33,0,13,1,4,,0,""
0919:4c18,0dda8,0919:4ce2,202,0,89,0,1,,0,""
0919:4ce2,0de72,0919:4d64,130,0,58,0,1,,0,""
0919:4d64,0def4,0919:4dfa,150,0,73,0,1,,0,""
0919:4dfa,0df8a,0919:4eb6,188,0,78,0,0,,0,""
0919:4eb6,0e046,0919:4f96,224,0,94,0,0,,0,""
0919:4f96,0e126,0919:5062,204,0,74,0,1,,1,""
0919:5062,0e1f2,0919:5104,162,0,60,0,1,,0,""
0919:5104,0e294,0919:514a,70,0,25,0,1,,0,""
0919:514a,0e2da,0919:51f2,168,0,63,0,1,,0,""
0919:51f2,0e382,0919:52e6,244,0,80,0,1,,0,""
0919:52e6,0e476,0919:5344,94,0,32,1,1,,0,""
0919:5344,0e4d4,0919:53a2,94,0,32,1,1,,0,""
0919:53a2,0e532,0919:5400,94,0,32,1,1,,0,""
0919:5400,0e590,0919:5436,54,0,18,0,4,,0,""
0919:5436,0e5c6,0919:5494,94,0,32,1,1,,0,""
0919:5494,0e624,0919:5529,149,0,63,0,1,,0,""
0919:5529,0e6b9,0919:55da,177,0,67,0,1,,0,""
0919:55da,0e76a,0919:5693,185,0,77,0,1,,0,""
0919:5693,0e823,0919:5756,195,0,86,0,0,,0,""
0919:5756,0e8e6,0919:583d,231,0,102,0,0,,0,""
0919:5a9f,0ec2f,0919:5acc,45,1,18,1,1,,0,""
0919:5acc,0ec5c,0919:5aeb,31,0,10,2,1,,0,""
0919:5aeb,0ec7b,0919:5c71,390,0,134,4,1,,0,""
0919:5c71,0ee01,0919:5d5a,233,0,86,1,1,,0,""
0919:5d5a,0eeea,0919:5e66,268,0,109,4,1,,0,""
0919:5e66,0eff6,0919:5f4b,229,0,109,0,1,,1,""
0919:5f4b,0f0db,0919:5fc8,125,0,49,3,1,,0,""
0919:5fc8,0f158,0919:6054,140,0,56,3,1,,0,""
0919:6054,0f1e4,0919:60e0,140,0,56,3,1,,0,""
0919:60e0,0f270,0919:6174,148,0,58,0,1,,0,""
0919:6174,0f304,0919:6244,208,0,69,0,1,,0,""
0919:6244,0f3d4,0919:6373,303,0,138,0,1,,0,""
0919:6373,0f503,0919:64ac,313,0,140,0,1,,0,""
0919:64ac,0f63c,0919:65eb,319,0,144,0,1,,0,""
0919:65eb,0f77b,0919:66a7,188,0,83,0,1,,0,""
0919:66a7,0f837,0919:6764,189,0,84,0,1,,0,""
0919:6764,0f8f4,0919:6824,192,0,87,0,1,,0,""
0919:6824,0f9b4,0919:68a4,128,0,57,0,1,,0,""
0919:68a4,0fa34,0919:6925,129,0,58,0,1,,0,""
0919:6925,0fab5,0919:69a9,132,0,61,0,1,,0,""
0919:69a9,0fb39,0919:6af9,336,0,118,0,1,,0,""
0919:6af9,0fc89,0919:6c23,298,0,115,8,1,,0,""
0919:6c23,0fdb3,0919:6cad,138,0,51,0,1,,0,""
0919:6cad,0fe3d,0919:6cfa,77,0,28,1,1,,0,""
0919:6cfa,0fe8a,0919:6d92,152,0,61,1,1,,0,""
0919:6d92,0ff22,0919:6e5c,202,0,82,1,1,,0,""
0919:6e5c,0ffec,0919:6f2a,206,0,85,8,1,,0,""
0919:6f2a,100ba,0919:6f3d,19,0,9,0,8,,0,""
0919:6f3d,100cd,0919:6f5e,33,0,12,0,1,,0,""
0919:7017,101a7,0919:709a,131,0,60,0,1,,0,""
0919:7158,102e8,0919:728c,308,0,108,8,1,,0,""
0919:728c,1041c,0919:72a9,29,0,10,0,1,,0,""
0919:72a9,10439,0919:72c0,23,0,15,0,1,,0,""
0919:72c0,10450,0919:736c,172,0,69,0,1,,0,""
0919:736c,104fc,0919:7458,236,0,87,8,1,,0,""
0919:7458,105e8,0919:74c0,104,0,39,0,1,,0,""
0919:74c0,10650,0919:7523,99,0,42,0,1,,0,""
0919:7523,106b3,0919:763f,284,0,109,0,1,,0,""
0919:763f,107cf,0919:767a,59,0,24,1,1,,0,""
0919:767a,1080a,0919:7802,392,0,132,2,2,,0,""
0919:7802,10992,0919:788e,140,0,53,0,1,,0,""
0919:788e,10a1e,0919:7909,123,0,50,0,0,,0,""
0919:7909,10a99,0919:7943,58,0,25,0,1,,0,""
0919:7943,10ad3,0919:79e1,158,0,65,0,0,,0,""
0919:79e1,10b71,0919:7a3e,93,0,33,1,1,,0,""
0919:7a3e,10bce,0919:7a89,75,0,31,0,1,,0,""
0919:7a89,10c19,0919:7b17,142,0,45,1,1,,0,""
0919:7b17,10ca7,0919:7bbd,166,0,68,4,1,,0,""
0919:7bbd,10d4d,0919:7c38,123,0,53,0,1,,0,""
0919:7c38,10dc8,0919:7dbf,391,0,151,0,2,,0,""
0919:7e5f,10fef,0919:7ebb,92,0,38,1,1,,0,""
0919:7ebb,1104b,0919:7ee8,45,0,17,3,1,,0,""
0919:7ee8,11078,0919:80e0,504,0,181,2,1,,0,""
0919:80e0,11270,0919:81f8,280,0,104,0,1,,0,""
0919:81f8,11388,0919:8229,49,0,20,0,1,,0,""
0919:8229,113b9,0919:82de,181,0,59,3,1,,0,""
0919:82de,1146e,0919:8331,83,0,30,1,1,,0,""
0919:8331,114c1,0919:8399,104,0,45,0,2,,0,""
0919:8408,11598,0919:858f,391,0,158,1,1,,0,""
0919:858f,1171f,0919:8665,214,0,90,2,1,,0,""
0919:8665,117f5,0919:8711,172,0,66,1,1,,0,""
0919:8711,118a1,0919:8754,67,0,29,0,3,,0,""
0919:8754,118e4,0919:87e8,148,0,67,1,4,,0,""
0919:87e8,11978,0919:8930,328,0,110,2,3,,0,""
0919:8930,11ac0,0919:8a32,258,1,97,26,2,,0,""
0919:8a32,11bc2,0919:8a72,64,1,36,4,1,,1,""
0919:8a72,11c02,0919:8ad5,99,0,42,0,1,,0,""
0919:8ad5,11c65,0919:8b15,64,1,36,4,1,,1,""
0919:8b15,11ca5,0919:8b43,46,0,19,0,1,,0,""
0919:8b43,11cd3,0919:8b83,64,1,36,4,1,,1,""
0919:8b83,11d13,0919:8bf9,118,0,49,0,1,,0,""
0919:8bf9,11d89,0919:8c39,64,1,36,4,1,,1,""
0919:8c39,11dc9,0919:8cd3,154,0,56,0,1,,0,""
0919:8cd3,11e63,0919:8d13,64,1,36,4,1,,1,""
0919:8d13,11ea3,0919:8d45,50,0,20,1,1,,0,""
0919:8d45,11ed5,0919:8d85,64,1,36,4,1,,1,""
0919:8d85,11f15,0919:8db7,50,0,20,1,1,,0,""
0919:8db7,11f47,0919:8df7,64,1,36,4,1,,1,""
0919:8df7,11f87,0919:8e29,50,0,20,1,1,,0,""
0919:8e29,11fb9,0919:8e47,30,0,12,0,4,,0,""
0919:8e47,11fd7,0919:8e87,64,1,36,4,1,,1,""
0919:8e87,12017,0919:8eb9,50,0,20,1,1,,0,""
0919:8eb9,12049,0919:8ece,21,0,10,1,1,,0,""
0919:8ece,1205e,0919:8f53,133,0,60,3,2,,0,""
0919:8f53,120e3,0919:8fa7,84,0,24,0,1,,0,""
0919:8fa7,12137,121b:0000,121,0,40,0,1,,0,""
121b:036e,1251e,121b:0372,4,1,2,0,4,,0,""
121b:0372,12522,121b:0380,14,1,8,0,1,,0,""
121b:0380,12530,121b:0397,23,1,12,0,1,,0,""
121b:0397,12547,121b:03b0,25,1,12,0,20,,0,""
121b:03b0,12560,121b:03c7,23,1,11,0,13,,0,""
121b:03c7,12577,121b:03d8,17,1,8,0,2,,0,""
121b:03d8,12588,121b:050a,306,1,135,3,11,,0,""
121b:050a,126ba,121b:0524,26,1,12,0,1,21,0,""
121b:0524,126d4,121b:0536,18,1,9,0,3,21,0,""
121b:0536,126e6,121b:055c,38,1,16,0,2,21,0,""
121b:055c,1270c,121b:0575,25,1,13,0,2,21,1,""
121b:0575,12725,121b:0581,12,1,7,0,2,21,0,""
121b:0581,12731,121b:07ae,557,1,234,0,1,,1,""
121b:07ae,1295e,121b:0804,86,1,42,0,1,10,0,""
121b:0804,129b4,121b:085d,89,1,43,0,1,10,0,""
121b:085d,12a0d,121b:087f,34,1,16,0,1,10,0,""
121b:087f,12a2f,121b:08a8,41,1,20,0,1,10,0,""
121b:08a8,12a58,121b:0902,90,1,45,0,12,,0,""
121b:0902,12ab2,121b:093e,60,1,30,0,1,,0,""
121b:0a4d,12bfd,121b:0a88,59,1,29,0,1,21,1,""
121b:0a88,12c38,121b:0a9c,20,1,14,0,2,21,1,""
121b:0a9c,12c4c,121b:0c96,506,0,203,0,0,,1,""
121b:0c9a,12e4a,121b:0cc4,42,1,20,0,1,21,1,""
121b:0cc4,12e74,121b:0ce2,30,1,14,1,1,21,1,""
121b:0ce2,12e92,121b:0d1f,61,0,28,2,0,,1,""
12ed:0000,12ed0,12ed:0018,24,1,13,1,6,,1,""
12ed:0018,12ee8,12ed:0025,13,1,6,1,2,,0,""
12ed:0025,12ef5,12ed:0063,62,1,21,0,11,,0,""
12ed:0063,12f33,12ed:00a3,64,1,30,1,9,,1,""
12ed:00a3,12f73,12ed:00b1,14,0,11,0,0,,1,""
12ed:00b1,12f81,12ed:00eb,58,0,27,1,0,,1,""
12ed:00eb,12fbb,12ed:0284,409,0,150,3,1,,0,""
12ed:0284,13154,12ed:02b8,52,0,18,1,1,,0,""
12ed:02b8,13188,12ed:02f4,60,0,18,1,1,,0,""
12ed:02f4,131c4,12ed:0302,14,0,5,2,2,,0,""
12ed:0302,131d2,12ed:033d,59,0,11,0,1,,0,""
12ed:033d,1320d,12ed:03c4,135,0,57,1,1,,0,""
12ed:03c4,13294,12ed:0472,174,1,71,4,1,,0,""
12ed:0472,13342,12ed:0523,177,0,83,1,1,,0,""
12ed:0523,133f3,12ed:0586,99,0,36,0,1,,0,""
12ed:0586,13456,12ed:0655,207,0,74,0,1,,0,""
12ed:0655,13525,12ed:06d1,124,0,44,6,1,,0,""
12ed:06d1,135a1,12ed:06ec,27,0,11,0,1,,0,""
12ed:06ec,135bc,12ed:0726,58,0,28,0,1,,0,""
12ed:0726,135f6,12ed:0732,12,0,7,0,1,,0,""
12ed:0732,13602,12ed:0747,21,0,12,0,2,,0,""
12ed:0747,13617,12ed:074e,7,0,3,0,1,,0,""
12ed:074e,1361e,12ed:0752,4,0,2,0,1,,0,""
12ed:0752,13622,12ed:0800,174,0,84,0,1,,0,""
12ed:0800,136d0,12ed:089d,157,0,44,0,1,,0,""
12ed:089d,1376d,12ed:08c0,35,0,17,0,1,,0,""
12ed:08c0,13790,12ed:08f3,51,0,23,1,1,21,1,""
12ed:08f3,137c3,137e:0000,29,0,14,1,1,21,1,""
137e:0000,137e0,137e:005c,92,1,40,0,1,21,0,""
1386:0004,13864,1390:0000,156,1,75,0,1,10,0,""
1390:0000,13900,1390:006e,110,1,54,1,18,,0,""
1390:006e,1396e,1390:0435,967,0,453,0,1,,0,""
13d5:000d,13d5d,13e2:0000,195,0,81,2,1,,0,""
13e2:0002,13e22,13e2:0481,1151,1,533,0,8,,0,""
142c:0009,142c9,142c:0040,55,1,23,0,3,21,0,""
1432:0008,14328,1432:000c,4,1,2,0,1,,0,""
1432:000c,1432c,1432:0350,836,1,391,0,6,,0,""
1469:0008,14698,146a:0000,8,0,4,0,1,,0,""
146a:000b,146ab,146e:0000,53,0,26,0,3,,0,""
146e:000e,146ee,1473:0000,66,1,27,2,1,,0,""
1473:0008,14738,1473:007e,118,0,51,3,1,,0,""
147b:000c,147bc,147b:000f,3,0,2,0,30,,0,""
147c:000f,147cf,147c:00e5,214,1,98,0,3,10,0,""
148c:000d,148cd,148c:00cb,190,1,91,0,1,10,0,""
149f:0004,149f4,149f:00cd,201,1,95,0,2,,0,""
14ae:0005,14ae5,14ae:0055,80,1,35,0,2,,0,""
14b5:000d,14b5d,14b5:0180,371,1,162,0,5,,0,""
14cf:0008,14cf8,14cf:02d9,721,1,328,0,12,,0,""
14ff:0001,14ff1,14ff:002c,43,1,21,1,2,10 21,1,""
1502:0001,15021,1502:01e6,485,1,233,0,16,,1,""
1522:000e,1522e,1522:01f3,485,1,233,0,5,,1,""
1543:000b,1543b,1543:0093,136,1,56,0,25,,0,""
154e:000b,154eb,154e:004d,66,1,26,0,2,,0,""
1555:0005,15555,1555:0266,609,1,245,0,3,10 21,1,""
157d:000e,157de,157d:0050,66,1,26,0,37,,0,""
157d:0078,15848,157d:012c,180,1,14,0,0,,0,""
1592:0004,15924,1592:00fe,250,1,110,0,1,10,1,""
15a4:0006,15a46,15a4:02df,729,1,334,0,15,,1,""
15d4:0007,15d47,15d7:0000,41,0,23,0,14,1a,0,""
15d7:000d,15d7d,15d9:0000,19,0,10,0,1,,0,""
15d9:0003,15d93,15d9:0061,94,1,35,1,1,,0,""
15e2:0001,15e21,15e2:005b,90,1,51,0,1,,0,""
15ea:0003,15ea3,15ee:0000,61,0,31,0,2,,0,""
15ee:0016,15ef6,15ee:00df,201,0,74,7,0,20 21,1,""
15ee:00dc,15fbc,15ee:01a0,196,1,83,1,1,21,1,""
15ee:01a0,16080,15ee:01b7,23,0,9,1,3,,0,""
15ee:01b7,16097,15ee:01fe,71,0,26,3,0,21,0,""
15ee:01fe,160de,15ee:022b,45,0,18,0,1,21,1,""
15ee:022b,1610b,15ee:023e,19,0,9,0,3,,0,""
15ee:023e,1611e,15ee:0306,200,1,78,7,4,,0,""
15ee:0306,161e6,15ee:0331,43,1,19,2,5,,0,""
15ee:0332,16212,15ee:0524,498,1,190,3,2,,0,""
15ee:0524,16404,15ee:066a,326,1,131,3,1,,0,""
15ee:066a,1654a,15ee:06ac,66,1,29,3,5,,0,""
15ee:06ac,1658c,15ee:06c1,21,1,10,0,1,,0,""
15ee:06c1,165a1,15ee:0700,63,1,27,3,1,,0,""
15ee:0700,165e0,15ee:076e,110,0,46,1,1,,1,""
15ee:076e,1664e,15ee:0785,23,0,10,1,1,,1,""
15ee:0786,16666,15ee:07b8,50,1,26,0,3,,0,""
15ee:07b8,16698,15ee:07d3,27,1,15,0,4,,0,""
15ee:07d4,166b4,15ee:080e,58,1,32,0,1,,0,""
15ee:0812,166f2,15ee:0829,23,1,10,0,2,21,0,""
15ee:082a,1670a,15ee:085e,52,1,23,0,1,,0,""
15ee:085e,1673e,15ee:0888,42,1,16,1,2,,0,""
15ee:0888,16768,15ee:08ae,38,1,17,2,1,,0,"DATAC.DAT"
15ee:08ae,1678e,15ee:08d9,43,1,26,0,1,,0,""
15ee:08d9,167b9,15ee:0904,43,1,21,1,3,21,0,""
15ee:0904,167e4,15ee:09c6,194,1,76,2,1,,0,""
15ee:09c6,168a6,15ee:0b23,349,1,134,4,4,,0,""
15ee:0b24,16a04,15ee:0b53,47,1,19,1,1,,0,""
15ee:0b54,16a34,15ee:0c4e,250,1,100,1,1,,0,""
15ee:0c4e,16b2e,15ee:0cd2,132,1,51,0,1,,0,""
15ee:0cd2,16bb2,15ee:0d70,158,1,59,2,1,,0,""
15ee:0d70,16c50,15ee:0de0,112,1,48,1,3,,0,""
15ee:0de0,16cc0,15ee:110b,811,1,267,8,1,,0,""
15ee:110c,16fec,15ee:1246,314,1,115,3,1,,0,""
15ee:1246,17126,15ee:1331,235,1,87,2,1,,0,"(null)"
15ee:1332,17212,15ee:13ef,189,1,61,1,1,,0,""
15ee:13f0,172d0,15ee:142f,63,1,26,1,4,,0,""
15ee:1430,17310,15ee:1490,96,1,40,1,2,,0,""
15ee:1490,17370,15ee:14fa,106,1,44,1,3,,0,""
15ee:14fa,173da,15ee:15e6,236,1,90,6,2,,0,""
15ee:15e6,174c6,15ee:15fe,24,1,10,1,1,,0,""
15ee:15fe,174de,15ee:1628,42,1,17,1,1,,0,""
15ee:1628,17508,15ee:16a7,127,1,54,0,1,,0,""
15ee:16a8,17588,15ee:16cf,39,1,19,0,1,,0,"+- #"
15ee:16d0,175b0,15ee:170a,58,1,25,0,1,,0,""
15ee:170a,175ea,15ee:172a,32,0,13,0,1,21,0,""
15ee:172a,1760a,15ee:1807,221,0,91,0,2,21,0,""
15ee:1808,176e8,15ee:18b0,168,0,75,2,3,21,0,""
15ee:18b0,17790,15ee:1932,130,0,61,0,1,21,0,""
15ee:1932,17812,15ee:1944,18,1,9,0,1,,0,""
15ee:1944,17824,15ee:198d,73,1,34,2,2,,0,""
15ee:198d,1786d,15ee:1a70,227,0,106,2,2,,1,""
15ee:1a70,17950,15ee:1aaa,58,0,29,1,1,,0,""
15ee:1aaa,1798a,15ee:1acc,34,0,18,1,2,,0,""
15ee:1acc,179ac,15ee:1aed,33,0,20,1,2,,1,""
15ee:1aee,179ce,15ee:1b5c,110,1,53,1,2,21,0,""
15ee:1b5c,17a3c,15ee:1bb2,86,0,39,0,1,21,0,""
15ee:1bb2,17a92,15ee:1bf1,63,1,30,0,1,,0,""
15ee:1bf2,17ad2,15ee:1c0d,27,0,13,0,1,,0,""
15ee:1c0e,17aee,15ee:1c3a,44,1,23,0,2,,0,""
15ee:1c3a,17b1a,15ee:1c47,13,0,6,0,1,21,0,""
15ee:1c48,17b28,15ee:1c8c,68,1,31,1,4,,0,""
15ee:1c92,17b72,15ee:1cc0,46,0,21,0,1,,0,""
15ee:1cc0,17ba0,15ee:1d2e,110,0,42,1,2,,0,""
15ee:1d2e,17c0e,15ee:1da8,122,0,46,0,1,21,0,"DATAC.DAT"
15ee:1da8,17c88,15ee:1f3b,403,1,157,1,1,21,0,""
15ee:1f3b,17e1b,15ee:1f4c,17,0,8,0,1,,0,""
15ee:1f4c,17e2c,15ee:1f60,20,1,12,0,1,,0,""
15ee:1f60,17e40,15ee:1f6a,10,0,6,0,1,,0,""
15ee:1f6a,17e4a,15ee:1fed,131,1,67,0,2,,0,""
15ee:1fee,17ece,17f0:0000,50,0,23,1,0,,0,""
17f0:0002,17f02,17f0:0058,86,1,31,4,0,,0,""
17f0:0058,17f58,17f0:007b,35,1,19,3,2,,0,""
17f0:008e,17f8e,17f0:009f,17,1,8,3,0,,0,""
17f0:00a5,17fa5,17f0:00f9,84,1,37,4,0,,0,""
17f0:00f9,17ff9,17f0:0127,46,1,19,3,0,,0,""
17f0:0127,18027,17f0:0142,27,1,12,2,0,,0,""
17f0:0142,18042,17f0:0158,22,0,12,0,1,10,0,""
17f0:0158,18058,17f0:0181,41,0,15,2,2,,0,""
17f0:0181,18081,17f0:0207,134,0,39,2,3,,0,""
17f0:0248,18148,17f0:0266,30,0,9,2,9,,0,""
17f0:0266,18166,17f0:0287,33,0,13,1,9,,0,""
17f0:0287,18187,17f0:031f,152,0,62,1,2,10,0,""
17f0:031f,1821f,17f0:032b,12,0,5,1,1,,0,""
17f0:032b,1822b,17f0:034a,31,0,14,0,3,10,0,""
17f0:03d5,182d5,17f0:03f9,36,0,16,1,2,,0,""
17f0:03f9,182f9,17f0:0433,58,0,21,0,1,,0,""
17f0:0433,18333,17f0:04b1,126,0,66,0,1,10,0,""
17f0:04b1,183b1,17f0:04bf,14,0,8,0,2,,0,""
17f0:04dd,183dd,17f0:04e9,12,0,6,3,1,,0,""
17f0:05b8,184b8,17f0:0627,111,0,40,0,1,,0,""
17f0:069a,1859a,17f0:06a3,9,0,8,0,3,10,0,""
17f0:06a3,185a3,17f0:06a8,5,0,2,0,1,,0,""
17f0:06a8,185a8,17f0:06ca,34,0,18,0,1,,1,""
17f0:06f2,185f2,17f0:074e,92,1,33,8,1,,0,""
17f0:074e,1864e,17f0:0759,11,0,5,0,0,,0,""
17f0:0759,18659,17f0:0795,60,1,26,2,0,,0,""
17f0:0795,18695,17f0:07c4,47,0,24,1,1,10,0,""
17f0:07c4,186c4,17f0:0817,83,0,36,0,3,,0,""
17f0:0817,18717,17f0:0851,58,0,22,0,1,,0,""
17f0:0851,18751,17f0:087c,43,1,19,2,0,,0,""
17f0:087c,1877c,17f0:08a8,44,1,20,2,0,,0,""
17f0:08a8,187a8,17f0:0903,91,1,48,0,0,,0,""
17f0:0903,18803,17f0:097a,119,0,43,3,1,,0,""
17f0:09bc,188bc,17f0:09bd,1,1,1,0,1,,0,""
17f0:09da,188da,17f0:0a00,38,1,16,2,0,,0,""
17f0:0a00,18900,17f0:0ae5,229,0,86,1,1,,0,""
17f0:0ae5,189e5,17f0:0ae6,1,0,1,0,1,,0,""
17f0:0ae8,189e8,17f0:0b2d,69,0,31,0,1,,0,""
17f0:0b70,18a70,17f0:0b94,36,0,12,2,1,,0,""
1ace:000e,1acee,1ace:005b,77,1,27,3,1,,0,""
1ace:005c,1ad3c,1ace:00b4,88,1,33,3,3,,0,""
1ace:00e8,1adc8,1ace:026c,388,1,99,11,1,,0,"CMS.DRV"
1af5:0006,1af56,1af5:0125,287,1,116,1,1,,0,""
1af5:0125,1b075,1af5:013f,26,1,13,1,0,,0,""
1af5:013f,1b08f,1af5:0163,36,1,16,1,0,,0,""
1af5:0163,1b0b3,1af5:0192,47,1,21,1,0,,0,""
1af5:0192,1b0e2,1af5:01be,44,1,24,0,3,,0,""
1af5:01be,1b10e,1af5:01cf,17,1,6,1,1,,0,""
1af5:01cf,1b11f,1af5:01e5,22,0,12,0,3,,0,""
1af5:01e5,1b135,1af5:01fe,25,1,16,0,0,65,0,""
1af5:01fe,1b14e,1af5:0213,21,1,15,0,0,65,0,""
1af5:0213,1b163,1af5:0238,37,1,17,1,0,,0,""
1af5:0238,1b188,1af5:0290,88,1,38,2,1,,0,"adlib.bin"
1af5:0290,1b1e0,1af5:02b0,32,1,15,0,1,21,0,""
1af5:02b0,1b200,1af5:02b9,9,1,7,0,1,65,0,""
1af5:02b9,1b209,1af5:02ce,21,1,15,0,2,65,0,""
1af5:02ce,1b21e,1af5:02f0,34,1,18,0,0,,0,""
1af5:02f0,1b240,1af5:030c,28,1,16,0,0,,0,""
1af5:030c,1b25c,1af5:0311,5,1,4,0,0,,0,""
1af5:0311,1b261,1af5:033f,46,1,19,0,2,,0,""
1af5:033f,1b28f,1af5:0394,85,1,38,1,0,,0,""
1af5:0394,1b2e4,1af5:03b8,36,1,17,1,0,,0,""
1af5:03b8,1b308,1af5:03bd,5,1,4,0,0,,0,""
1af5:03bd,1b30d,1af5:03d0,19,1,10,0,3,21,0,""
1af5:03d0,1b320,1af5:03dc,12,1,7,0,2,21,0,""
1af5:03dc,1b32c,1af5:03f4,24,1,13,0,3,21,1,""
1af5:03f4,1b344,1af5:0411,29,1,16,0,0,21,0,""
1af5:0411,1b361,1b37:0000,15,0,8,0,0,21,0,""
1b37:0002,1b372,1b37:003c,58,1,29,0,2,,0,""
1b37:003c,1b3ac,1b37:00a6,106,1,45,0,3,,0,""
1b37:00a6,1b416,1b37:00c0,26,1,13,1,0,,0,""
1b37:00c0,1b430,1b37:01e3,291,1,121,0,1,,0,""
1b5f:000e,1b5fe,1b5f:00b3,165,1,74,4,1,,0,""
1b5f:00b3,1b6a3,1b5f:00d4,33,0,18,0,1,,0,""
1b5f:00d4,1b6c4,1b5f:00e7,19,0,9,1,1,,0,""
1b5f:00e7,1b6d7,1b5f:00f8,17,0,12,0,1,,0,""
1b5f:00f8,1b6e8,1b5f:0116,30,0,17,0,1,,0,""
1b5f:0116,1b706,1b5f:0135,31,0,18,0,1,,0,""
