gb_start,gb_image,ref_name,ref_address,ref_owner,score,gb_insns,ref_insns
0000:0648,00648,file_load_near,0000:0e74,game_flow,1.00,42,42
0000:06b4,006b4,file_load_far,0000:0ee0,game_flow,1.00,45,45
0000:0780,00780,random,0000:0f58,game_flow,1.00,14,14
0000:0a4e,00a4e,mem_alloc_all,0000:11d2,game_flow,0.55,211,226
0000:0c7a,00c7a,mem_free_all,0000:1442,game_flow,1.00,62,54
0000:0e62,00e62,name_hash_h1,0000:16d0,game_flow,1.00,30,30
0000:0eac,00eac,name_hash_h2,0000:171a,game_flow,1.00,28,28
0000:0ef2,00ef2,name_hash,0000:1760,game_flow,0.70,19,25
00f2:0dbc,01cdc,print_records,01f4:1a82,game_flow,1.00,34,34
00f2:0e10,01d30,print_text,01f4:1ad6,game_flow,1.00,23,23
00f2:0e44,01d64,print_chars,01f4:1b58,game_flow,1.00,22,22
00f2:0e7a,01d9a,wait_key,01f4:1b8e,game_flow,1.00,33,33
00f2:0ece,01dee,screen_present,01f4:1be2,game_flow,1.00,12,12
00f2:0fea,01f0a,ega_pal_init,01f4:1c9c,game_flow,0.56,35,37
020d:0bdc,02cac,hi_write,01f4:2e66,descriptions,0.50,39,60
08e1:018e,08f9e,lzw_alloc,0ab4:000f,platform,0.53,18,20
08e1:01aa,08fba,lzw_free,0ab4:0034,platform,1.00,14,14
08e1:01db,08feb,lzw_decode_body,0ab4:006a,platform,1.00,81,81
08e1:02b1,090c1,lzw_fill_input,0ab4:0140,platform,1.00,16,16
08e1:02cd,090dd,lzw_get_code,0ab4:015c,platform,1.00,47,47
08e1:0361,09171,lzw_add_entry,0ab4:01f0,platform,1.00,11,11
0919:038e,0951e,key_dispatch,0e12:0084,simulation,0.54,25,33
0919:2e57,0bfe7,screen_shake_step,0e12:0fa1,render3d,0.69,19,21
0919:4989,0db19,ega_gc_setup,0c1c:1b6f,platform,1.00,15,15
0919:5e66,0eff6,sprite_rows_mirror,0e12:2a9e,render3d,0.64,109,105
0919:5f4b,0f0db,sprite_scale_rows,0e12:2d54,render3d,0.57,52,47
0919:5fc8,0f158,sprite_scale_rows_up,0e12:2dc6,render3d,0.55,58,54
0919:6054,0f1e4,sprite_scale_rows_up,0e12:2dc6,render3d,0.55,58,54
0919:6174,0f304,sprite_scale_patterns,0e12:2eb6,render3d,0.95,69,67
0919:66a7,0f837,sprite_scale_row_up,0e12:3004,render3d,0.50,87,61
0919:6824,0f9b4,sprite_scale_row,0e12:2f84,render3d,1.00,60,60
0919:68a4,0fa34,sprite_scale_row_up,0e12:3004,render3d,1.00,61,61
0919:6925,0fab5,sprite_scale_row_up,0e12:3004,render3d,0.77,64,61
0919:8331,114c1,polar_small,0e12:6f9c,render3d,1.00,45,45
121b:0380,12530,far_normalize,0c1c:071c,platform,1.00,12,12
121b:0397,12547,text_set_colours,0c1c:0733,platform,1.00,12,12
121b:050a,126ba,dos_seek,0c1c:084e,platform,1.00,12,12
121b:0524,126d4,dos_open_read,0c1c:0868,platform,1.00,9,9
121b:0536,126e6,dos_file_size,0c1c:087a,platform,1.00,16,16
121b:055c,1270c,dos_read,0c1c:08a0,platform,1.00,13,13
121b:0a4d,12bfd,kbd_install,0c1c:0e2d,platform,0.55,29,34
121b:0a88,12c38,kbd_restore,0c1c:0e7d,platform,0.55,14,16
121b:0a9c,12c4c,kbd_isr,0c1c:0e98,platform,0.89,203,206
121b:0c9a,12e4a,timer_install,0c1c:109f,platform,0.62,20,21
121b:0cc4,12e74,timer_restore,0c1c:10cf,platform,0.78,14,13
137e:0000,137e0,gfx_alloc_page,172d:000e,platform,1.00,40,40
1386:0004,13864,gfx_detect,16cf:0006,platform,0.97,75,73
13d5:000d,13d5d,gfx_line_to,16d9:0002,platform,0.95,81,77
13e2:0002,13e22,gfx_draw_bitmap,185f:000b,platform,0.88,533,585
142c:0009,142c9,gfx_free_page,1736:0004,platform,1.00,23,23
1432:000c,1432c,gfx_read_bitmap,18b3:0004,platform,0.85,391,443
148c:000d,148cd,gfx_set_ega_palette,18f3:0002,platform,1.00,90,90
149f:0004,149f4,gfx_set_display_offset,1776:0008,platform,1.00,95,95
14b5:000d,14b5d,gfx_put_pixel,173c:0005,platform,0.89,162,180
14cf:0008,14cf8,gfx_fill_rect,1785:000b,platform,0.57,328,388
14ff:0001,14ff1,text_exit_clear,16fc:000b,platform,0.69,21,16
1502:0001,15021,gfx_copy_rect_to_copy_page,17be:0009,platform,0.69,233,315
1522:000e,1522e,gfx_copy_rect_to_copy_page,17be:0009,platform,0.69,233,315
1543:000b,1543b,gfx_set_colour,1703:0001,platform,0.61,56,57
154e:000b,154eb,gfx_set_copy_page,170e:0002,platform,1.00,26,26
1555:0005,15555,gfx_set_mode,1905:000b,platform,0.62,245,265
157d:000e,157de,gfx_set_draw_page,1714:000e,platform,1.00,26,26
157d:0078,15848,gfx_set_pal_reg,173c:01ca,platform,1.00,83,83
1592:0004,15924,gfx_set_visible_page,171b:000a,platform,1.00,110,110
15a4:0006,15a46,gfx_copy_rect,1818:0003,platform,0.66,335,484
15d4:0007,15d47,bios_wait_ticks,16ff:000b,platform,0.69,23,31
15d9:0003,15d93,gfx_fill_rect_clipped,192e:0005,platform,1.00,35,35
15e2:0001,15e21,gfx_clear_page,1937:0003,platform,0.82,51,60
15ee:0016,15ef6,_astart,1940:0018,seed,1.00,74,74
15ee:00dc,15fbc,_cinit,1940:00de,seed,1.00,82,82
15ee:01a0,16080,exit,1940:01a2,seed,1.00,9,9
15ee:01b7,16097,_exit,1940:01b9,seed,1.00,26,26
15ee:01fe,160de,_ctermsub,1940:0200,seed,1.00,18,18
15ee:022b,1610b,_initterm,1940:022d,seed,1.00,9,9
15ee:023e,1611e,fclose,1940:0240,seed,1.00,78,78
15ee:0306,161e6,fopen,1940:0308,platform,1.00,20,20
15ee:0332,16212,fread,1940:0334,platform,1.00,196,196
15ee:0524,16404,fwrite,1940:0526,platform,1.00,136,136
15ee:06ac,1658c,_ffree,1940:066c,platform,1.00,10,10
15ee:06c1,165a1,_fmalloc,1940:0681,platform,1.00,27,27
15ee:0700,165e0,,1940:06c0,,1.00,46,46
15ee:076e,1664e,,1940:072e,,1.00,10,10
15ee:0786,16666,strcpy,1940:0746,seed,1.00,26,26
15ee:07b8,16698,strlen,1940:07a4,seed,1.00,15,15
15ee:0812,166f2,getch,1940:07c4,platform,1.00,10,10
15ee:082a,1670a,_aFlmul,1940:0998,seed,1.00,23,23
15ee:085e,1673e,_FF_MSGBANNER,1940:0ae2,seed,1.00,16,16
15ee:0888,16768,_nullcheck,1940:0b0c,seed,1.00,17,17
15ee:08ae,1678e,_NMSG_TEXT,1940:0b32,seed,1.00,26,26
15ee:08d9,167b9,_NMSG_WRITE,1940:0b5d,seed,1.00,21,21
15ee:0904,167e4,_filbuf,1940:0b88,platform,1.00,79,79
15ee:09c6,168a6,_flsbuf,1940:0c4a,platform,1.00,139,139
15ee:0b24,16a04,_freebuf,1940:0da8,seed,1.00,19,19
15ee:0b54,16a34,_openfile,1940:0dd8,seed,1.00,105,105
15ee:0d70,16c50,fflush,1940:0ed2,seed,1.00,48,48
15ee:16d0,175b0,_getstream,1940:0f42,seed,1.00,26,26
15ee:170a,175ea,close,1940:0f7c,seed,1.00,13,13
15ee:172a,1760a,read,1940:0f9c,seed,1.00,91,91
15ee:1808,176e8,write,1940:107a,seed,1.00,75,75
15ee:18b0,17790,,1940:1122,,1.00,61,61
15ee:1932,17812,free,1940:11a4,seed,1.00,9,9
15ee:1944,17824,malloc,1940:11b6,seed,1.00,34,34
15ee:198d,1786d,,1940:11ff,,1.00,106,106
15ee:1a70,17950,,1940:12e2,,1.00,29,29
15ee:1aaa,1798a,,1940:131c,,1.00,18,18
15ee:1acc,179ac,,1940:133e,,1.00,20,20
15ee:1aee,179ce,_brkctl,1940:1360,seed,1.00,53,53
15ee:1b5c,17a3c,,1940:13ce,,1.00,39,39
15ee:1bb2,17a92,strcat,1940:1424,seed,1.00,30,30
15ee:1bf2,17ad2,itoa,1940:1464,seed,1.00,13,13
15ee:1c0e,17aee,memcpy,1940:14dc,platform,1.00,23,23
15ee:1c92,17b72,_dosmaperr,1940:153c,seed,1.00,22,22
15ee:1cc0,17ba0,_getbuf,1940:156a,platform,1.00,43,43
15ee:1d2e,17c0e,lseek,1940:15d8,seed,1.00,46,46
15ee:1da8,17c88,open,1940:1652,seed,1.00,159,159
15ee:1f3b,17e1b,,1940:17e5,,1.00,8,8
15ee:1f4c,17e2c,stackavail,1940:17f6,seed,1.00,12,12
15ee:1f6a,17e4a,memset,1940:180a,seed,1.00,67,67
15ee:1fee,17ece,flushall,1940:18b2,seed,0.84,24,21
