kind,address,name,type,owner,source,notes
func,0000:0000,main,,game_flow,index,called only by _astart; opens DATAA/B/C.DAT
func,0000:0648,file_load_near,,game_flow,td3-match,"TD3 0000:0e74 file_load_near, score 1.00"
func,0000:06b4,file_load_far,,game_flow,td3-match,"TD3 0000:0ee0 file_load_far, score 1.00"
func,0000:0780,random,,game_flow,td3-match,"TD3 0000:0f58 random, score 1.00 | ORIGINAL_PHYSICS.md: state = state*41C64E6Dh+3039h at DS:0088"
func,0000:0a4e,mem_alloc_all,,game_flow,td3-match,"TD3 0000:11d2 mem_alloc_all, score 0.55; low score: confirm in the spec"
func,0000:0c7a,mem_free_all,,game_flow,td3-match,"TD3 0000:1442 mem_free_all, score 1.00"
func,0000:0e62,name_hash_h1,,game_flow,td3-match,"TD3 0000:16d0 name_hash_h1, score 1.00"
func,0000:0eac,name_hash_h2,,game_flow,td3-match,"TD3 0000:171a name_hash_h2, score 1.00"
func,0000:0ef2,name_hash,,game_flow,td3-match,"TD3 0000:1760 name_hash, score 0.70; low score: confirm in the spec"
func,00f2:0dbc,print_records,,game_flow,td3-match,"TD3 01f4:1a82 print_records, score 1.00"
func,00f2:0e10,print_text,,game_flow,td3-match,"TD3 01f4:1ad6 print_text, score 1.00"
func,00f2:0e44,print_chars,,game_flow,td3-match,"TD3 01f4:1b58 print_chars, score 1.00"
func,00f2:0e7a,wait_key,,game_flow,td3-match,"TD3 01f4:1b8e wait_key, score 1.00"
func,00f2:0ece,screen_present,,game_flow,td3-match,"TD3 01f4:1be2 screen_present, score 1.00"
func,00f2:0fea,ega_pal_init,,game_flow,td3-match,"TD3 01f4:1c9c ega_pal_init, score 0.56; low score: confirm in the spec"
func,020d:0bdc,hi_write,,game_flow,td3-match,"TD3 01f4:2e66 hi_write, score 0.50; low score: confirm in the spec"
func,08e1:018e,lzw_alloc,,platform,td3-match,"TD3 0ab4:000f lzw_alloc, score 0.53; low score: confirm in the spec"
func,08e1:01aa,lzw_free,,platform,td3-match,"TD3 0ab4:0034 lzw_free, score 1.00"
func,08e1:01db,lzw_decode_body,,platform,td3-match,"TD3 0ab4:006a lzw_decode_body, score 1.00"
func,08e1:02b1,lzw_fill_input,,platform,td3-match,"TD3 0ab4:0140 lzw_fill_input, score 1.00"
func,08e1:02cd,lzw_get_code,,platform,td3-match,"TD3 0ab4:015c lzw_get_code, score 1.00"
func,08e1:0361,lzw_add_entry,,platform,td3-match,"TD3 0ab4:01f0 lzw_add_entry, score 1.00"
func,0919:038e,key_dispatch,,simulation,td3-match,"TD3 0e12:0084 key_dispatch, score 0.54; low score: confirm in the spec"
func,0919:0bbd,pilot_throttle_controls,,simulation,codex,ORIGINAL_PHYSICS.md 9D4D; pilot control mask entry is inside 0919:0953 at +7F (9B62)
func,0919:0cf4,fire_station4,,simulation,codex,"ORIGINAL_WEAPONS.md 9E84: stern mount; loadout 0 -> weapon 2 (reload sentinel 8), else weapon 1"
func,0919:0d45,fire_station3,,simulation,codex,ORIGINAL_WEAPONS.md 9ED5: midship mount; weapon 3/4/1 by loadout
func,0919:0dbd,fire_bow,,simulation,codex,ORIGINAL_WEAPONS.md 9F4D: station 2; alternating barrels
func,0919:0e19,pilot_jet_controls,,simulation,codex,ORIGINAL_PHYSICS.md 9FA9
func,0919:0e48,rotate_headings,,simulation,codex,ORIGINAL_PHYSICS.md 9FD8: hull and gun headings with 1/8 fractions
func,0919:0ee2,projectile_launch,,simulation,codex,ORIGINAL_WEAPONS.md A072
func,0919:1cf9,reload_tick,,simulation,codex,ORIGINAL_WEAPONS.md AE89; called in the simulation iteration loop
func,0919:1d30,mission_clock_tick,,simulation,codex,ORIGINAL_PHYSICS.md AEC0: +1 s every 15 simulation passes
func,0919:2529,engine_thrust,,simulation,codex,"ORIGINAL_PHYSICS.md B6B9: one engine thrust, fuel, leaks, startup; propulsion body is inside 0919:2273 at +4E (B451)"
func,0919:29f9,accelerate_speed,,simulation,codex,"ORIGINAL_PHYSICS.md BB89: one unit toward target, pitch impulse +-5"
func,0919:2e57,screen_shake_step,,render3d,td3-match,"TD3 0e12:0fa1 screen_shake_step, score 0.69; low score: confirm in the spec"
func,0919:37af,projectile_alloc,,simulation,codex,"ORIGINAL_WEAPONS.md C93F: free slot, descending from 31"
func,0919:37c7,projectile_aim,,simulation,codex,"ORIGINAL_WEAPONS.md C957: integer aim, flight time, impact XY"
func,0919:38cc,projectile_tick,,simulation,codex,ORIGINAL_WEAPONS.md CA5C: countdown and impact dispatch; object damage CB8C is inside 0919:3977 at +85
func,0919:3cc9,engine_sound_update,,sound,codex,ORIGINAL_AUDIO.md CE59: live engine effect program
func,0919:4989,ega_gc_setup,,video,td3-match,"TD3 0c1c:1b6f ega_gc_setup, score 1.00"
func,0919:5aeb,sprite_cache_build,,render3d,codex,NATIVE_PORT.md EC7B: sprite cache
func,0919:5c71,blit_record,,render3d,codex,"NATIVE_PORT.md EE01: direct VGA blitter, zero = transparent"
func,0919:5e66,sprite_rows_mirror,,render3d,td3-match,"TD3 0e12:2a9e sprite_rows_mirror, score 0.64; low score: confirm in the spec"
func,0919:5f4b,sprite_scale_rows,,render3d,td3-match,"TD3 0e12:2d54 sprite_scale_rows, score 0.57; low score: confirm in the spec"
func,0919:5fc8,sprite_scale_rows_up,,render3d,td3-match,"TD3 0e12:2dc6 sprite_scale_rows_up, score 0.55; low score: confirm in the spec | NATIVE_PORT.md sprite routine (translated in gunboat-port/src/assets.cpp)"
func,0919:6054,sprite_scale_rows_up_b,,render3d,td3-match,"TD3 0e12:2dc6 sprite_scale_rows_up, score 0.55; low score: confirm in the spec"
func,0919:6174,sprite_scale_patterns,,render3d,td3-match,"TD3 0e12:2eb6 sprite_scale_patterns, score 0.95"
func,0919:6373,sprite_cache_f503,,render3d,codex,NATIVE_PORT.md F503; role to name in the spec
func,0919:66a7,sprite_scale_row_up,,render3d,td3-match,"TD3 0e12:3004 sprite_scale_row_up, score 0.50; low score: confirm in the spec | NATIVE_PORT.md sprite routine (translated in gunboat-port/src/assets.cpp)"
func,0919:6824,sprite_scale_row,,render3d,td3-match,"TD3 0e12:2f84 sprite_scale_row, score 1.00"
func,0919:68a4,sprite_scale_row_up_b,,render3d,td3-match,"TD3 0e12:3004 sprite_scale_row_up, score 1.00 | NATIVE_PORT.md sprite routine (translated in gunboat-port/src/assets.cpp)"
func,0919:6925,sprite_scale_row_up_c,,render3d,td3-match,"TD3 0e12:3004 sprite_scale_row_up, score 0.77; low score: confirm in the spec"
func,0919:79e1,shore_contact_test,,simulation,codex,ORIGINAL_PHYSICS.md 10B71: edge bearings of projection candidates D901/D903
func,0919:7e5f,heading_vector,,simulation,codex,ORIGINAL_PHYSICS.md 10FEF: integer heading lookup
func,0919:7ee8,boat_move,,simulation,codex,ORIGINAL_PHYSICS.md 11078: fractional XY motion and map-edge clipping
func,0919:80e0,camera_pitch_bob,,simulation,codex,"ORIGINAL_PHYSICS.md 11270: pitch decay, wave bob, gun-station pitch"
func,0919:81f8,muzzle_flash_tick,,simulation,codex,ORIGINAL_WEAPONS.md 11388: once per outer loop
func,0919:8331,polar_small,,render3d,td3-match,"TD3 0e12:6f9c polar_small, score 1.00"
func,0919:8930,game_frame,,engine,codex,"ORIGINAL_PHYSICS.md 11AC0: main update; simulation iteration loop at +AF (11B6F), outer loop at +ED (11BAD); motion before propulsion"
func,121b:0380,far_normalize,,platform,td3-match,"TD3 0c1c:071c far_normalize, score 1.00"
func,121b:0397,text_set_colours,,platform,td3-match,"TD3 0c1c:0733 text_set_colours, score 1.00"
func,121b:050a,dos_seek,,platform,td3-match,"TD3 0c1c:084e dos_seek, score 1.00"
func,121b:0524,dos_open_read,,platform,td3-match,"TD3 0c1c:0868 dos_open_read, score 1.00"
func,121b:0536,dos_file_size,,platform,td3-match,"TD3 0c1c:087a dos_file_size, score 1.00"
func,121b:055c,dos_read,,platform,td3-match,"TD3 0c1c:08a0 dos_read, score 1.00"
func,121b:0a4d,kbd_install,,platform,td3-match,"TD3 0c1c:0e2d kbd_install, score 0.55; low score: confirm in the spec"
func,121b:0a88,kbd_restore,,platform,td3-match,"TD3 0c1c:0e7d kbd_restore, score 0.55; low score: confirm in the spec"
func,121b:0a9c,kbd_isr,,platform,td3-match,"TD3 0c1c:0e98 kbd_isr, score 0.89"
func,121b:0c9a,timer_install,,platform,td3-match,"TD3 0c1c:109f timer_install, score 0.62; low score: confirm in the spec"
func,121b:0cc4,timer_restore,,platform,td3-match,"TD3 0c1c:10cf timer_restore, score 0.78; low score: confirm in the spec"
func,12ed:0025,sfx_play,,sound,codex,ORIGINAL_AUDIO.md 12EF5: trigger effect 0..12
func,12ed:00eb,sfx_timer_tick,,sound,codex,"ORIGINAL_AUDIO.md 12FBB: PIT reload 13B1h, ~236.7 Hz"
func,12ed:02b8,sfx_channel_transfer,,sound,codex,ORIGINAL_AUDIO.md 13188
func,12ed:03c4,sfx_parse_command,,sound,codex,ORIGINAL_AUDIO.md 13294
func,12ed:0472,sfx_note_divisor,,sound,codex,ORIGINAL_AUDIO.md 13342
func,12ed:0523,sfx_note_duration,,sound,codex,ORIGINAL_AUDIO.md 133F3
func,12ed:0655,sfx_tempo_loop,,sound,codex,ORIGINAL_AUDIO.md 13525
func,12ed:0752,sfx_raw_pitch,,sound,codex,ORIGINAL_AUDIO.md 13622
func,12ed:0800,sfx_speaker_init,,sound,codex,ORIGINAL_AUDIO.md 136D0: PC speaker/Tandy init; PIT reload at +B7 (137B7)
func,137e:0000,gfx_alloc_page,,video,td3-match,"TD3 172d:000e gfx_alloc_page, score 1.00"
func,1386:0004,gfx_detect,,video,td3-match,"TD3 16cf:0006 gfx_detect, score 0.97"
func,13d5:000d,gfx_line_to,,video,td3-match,"TD3 16d9:0002 gfx_line_to, score 0.95"
func,13e2:0002,gfx_draw_bitmap,,video,td3-match,"TD3 185f:000b gfx_draw_bitmap, score 0.88"
func,142c:0009,gfx_free_page,,video,td3-match,"TD3 1736:0004 gfx_free_page, score 1.00"
func,1432:000c,gfx_read_bitmap,,video,td3-match,"TD3 18b3:0004 gfx_read_bitmap, score 0.85"
func,148c:000d,gfx_set_ega_palette,,video,td3-match,"TD3 18f3:0002 gfx_set_ega_palette, score 1.00"
func,149f:0004,gfx_set_display_offset,,video,td3-match,"TD3 1776:0008 gfx_set_display_offset, score 1.00"
func,14b5:000d,gfx_put_pixel,,video,td3-match,"TD3 173c:0005 gfx_put_pixel, score 0.89"
func,14cf:0008,gfx_fill_rect,,video,td3-match,"TD3 1785:000b gfx_fill_rect, score 0.57; low score: confirm in the spec"
func,14ff:0001,text_exit_clear,,video,td3-match,"TD3 16fc:000b text_exit_clear, score 0.69; low score: confirm in the spec"
func,1502:0001,gfx_copy_rect_to_copy_page,,video,td3-match,"TD3 17be:0009 gfx_copy_rect_to_copy_page, score 0.69; low score: confirm in the spec"
func,1522:000e,gfx_copy_rect_to_copy_page_b,,video,td3-match,"TD3 17be:0009 gfx_copy_rect_to_copy_page, score 0.69; low score: confirm in the spec"
func,1543:000b,gfx_set_colour,,video,td3-match,"TD3 1703:0001 gfx_set_colour, score 0.61; low score: confirm in the spec"
func,154e:000b,gfx_set_copy_page,,video,td3-match,"TD3 170e:0002 gfx_set_copy_page, score 1.00"
func,1555:0005,gfx_set_mode,,video,td3-match,"TD3 1905:000b gfx_set_mode, score 0.62; low score: confirm in the spec"
func,157d:000e,gfx_set_draw_page,,video,td3-match,"TD3 1714:000e gfx_set_draw_page, score 1.00"
func,157d:0078,gfx_set_pal_reg,,video,td3-match,"TD3 173c:01ca gfx_set_pal_reg, score 1.00"
func,1592:0004,gfx_set_visible_page,,video,td3-match,"TD3 171b:000a gfx_set_visible_page, score 1.00"
func,15a4:0006,gfx_copy_rect,,video,td3-match,"TD3 1818:0003 gfx_copy_rect, score 0.66; low score: confirm in the spec"
func,15d4:0007,bios_wait_ticks,,video,td3-match,"TD3 16ff:000b bios_wait_ticks, score 0.69; low score: confirm in the spec"
func,15d9:0003,gfx_fill_rect_clipped,,video,td3-match,"TD3 192e:0005 gfx_fill_rect_clipped, score 1.00"
func,15e2:0001,gfx_clear_page,,video,td3-match,"TD3 1937:0003 gfx_clear_page, score 0.82"
func,15ee:0016,_astart,,runtime,td3-match,"TD3 1940:0018 _astart, score 1.00"
func,15ee:00dc,_cinit,,runtime,td3-match,"TD3 1940:00de _cinit, score 1.00"
func,15ee:01a0,exit,,runtime,td3-match,"TD3 1940:01a2 exit, score 1.00"
func,15ee:01b7,_exit,,runtime,td3-match,"TD3 1940:01b9 _exit, score 1.00"
func,15ee:01fe,_ctermsub,,runtime,td3-match,"TD3 1940:0200 _ctermsub, score 1.00"
func,15ee:022b,_initterm,,runtime,td3-match,"TD3 1940:022d _initterm, score 1.00"
func,15ee:023e,fclose,,runtime,td3-match,"TD3 1940:0240 fclose, score 1.00"
func,15ee:0306,fopen,,runtime,td3-match,"TD3 1940:0308 fopen, score 1.00"
func,15ee:0332,fread,,runtime,td3-match,"TD3 1940:0334 fread, score 1.00"
func,15ee:0524,fwrite,,runtime,td3-match,"TD3 1940:0526 fwrite, score 1.00"
func,15ee:06ac,_ffree,,runtime,td3-match,"TD3 1940:066c _ffree, score 1.00"
func,15ee:06c1,_fmalloc,,runtime,td3-match,"TD3 1940:0681 _fmalloc, score 1.00"
func,15ee:0786,strcpy,,runtime,td3-match,"TD3 1940:0746 strcpy, score 1.00"
func,15ee:07b8,strlen,,runtime,td3-match,"TD3 1940:07a4 strlen, score 1.00"
func,15ee:0812,getch,,runtime,td3-match,"TD3 1940:07c4 getch, score 1.00"
func,15ee:082a,_aFlmul,,runtime,td3-match,"TD3 1940:0998 _aFlmul, score 1.00"
func,15ee:085e,_FF_MSGBANNER,,runtime,td3-match,"TD3 1940:0ae2 _FF_MSGBANNER, score 1.00"
func,15ee:0888,_nullcheck,,runtime,td3-match,"TD3 1940:0b0c _nullcheck, score 1.00"
func,15ee:08ae,_NMSG_TEXT,,runtime,td3-match,"TD3 1940:0b32 _NMSG_TEXT, score 1.00"
func,15ee:08d9,_NMSG_WRITE,,runtime,td3-match,"TD3 1940:0b5d _NMSG_WRITE, score 1.00"
func,15ee:0904,_filbuf,,runtime,td3-match,"TD3 1940:0b88 _filbuf, score 1.00"
func,15ee:09c6,_flsbuf,,runtime,td3-match,"TD3 1940:0c4a _flsbuf, score 1.00"
func,15ee:0b24,_freebuf,,runtime,td3-match,"TD3 1940:0da8 _freebuf, score 1.00"
func,15ee:0b54,_openfile,,runtime,td3-match,"TD3 1940:0dd8 _openfile, score 1.00"
func,15ee:0d70,fflush,,runtime,td3-match,"TD3 1940:0ed2 fflush, score 1.00"
func,15ee:16d0,_getstream,,runtime,td3-match,"TD3 1940:0f42 _getstream, score 1.00"
func,15ee:170a,close,,runtime,td3-match,"TD3 1940:0f7c close, score 1.00"
func,15ee:172a,read,,runtime,td3-match,"TD3 1940:0f9c read, score 1.00"
func,15ee:1808,write,,runtime,td3-match,"TD3 1940:107a write, score 1.00"
func,15ee:1932,free,,runtime,td3-match,"TD3 1940:11a4 free, score 1.00"
func,15ee:1944,malloc,,runtime,td3-match,"TD3 1940:11b6 malloc, score 1.00"
func,15ee:1aee,_brkctl,,runtime,td3-match,"TD3 1940:1360 _brkctl, score 1.00"
func,15ee:1bb2,strcat,,runtime,td3-match,"TD3 1940:1424 strcat, score 1.00"
func,15ee:1bf2,itoa,,runtime,td3-match,"TD3 1940:1464 itoa, score 1.00"
func,15ee:1c0e,memcpy,,runtime,td3-match,"TD3 1940:14dc memcpy, score 1.00"
func,15ee:1c92,_dosmaperr,,runtime,td3-match,"TD3 1940:153c _dosmaperr, score 1.00"
func,15ee:1cc0,_getbuf,,runtime,td3-match,"TD3 1940:156a _getbuf, score 1.00"
func,15ee:1d2e,lseek,,runtime,td3-match,"TD3 1940:15d8 lseek, score 1.00"
func,15ee:1da8,open,,runtime,td3-match,"TD3 1940:1652 open, score 1.00"
func,15ee:1f4c,stackavail,,runtime,td3-match,"TD3 1940:17f6 stackavail, score 1.00"
func,15ee:1f6a,memset,,runtime,td3-match,"TD3 1940:180a memset, score 1.00"
func,15ee:1fee,flushall,,runtime,td3-match,"TD3 1940:18b2 flushall, score 0.84"
